﻿<?xml version="1.0" encoding="utf-8"?><DEFECTS><DEFECT><SFA><FILEPATH>c:\users\regis.dev\documents\visual studio 2013\projects\consoleapplication1\bufferoverflow\</FILEPATH><FILENAME>bufferoverflow.c</FILENAME><LINE>44</LINE><COLUMN>8</COLUMN></SFA><DEFECTCODE>6201</DEFECTCODE><DESCRIPTION>L'index '16' est en dehors de la plage d'index valide '0' à '7' pour la mémoire tampon 'tabbug' allouée sans doute par la pile.</DESCRIPTION><FUNCTION>main</FUNCTION><DECORATED>main</DECORATED><FUNCLINE>25</FUNCLINE><PATH /></DEFECT><DEFECT><SFA><FILEPATH>c:\users\regis.dev\documents\visual studio 2013\projects\consoleapplication1\bufferoverflow\</FILEPATH><FILENAME>bufferoverflow.c</FILENAME><LINE>65</LINE><COLUMN>8</COLUMN></SFA><DEFECTCODE>6200</DEFECTCODE><DESCRIPTION>L'index '4' est en dehors de la plage d'index valide '0' à '3' pour la mémoire tampon 'tabbug2' non allouée par la pile.</DESCRIPTION><FUNCTION>main</FUNCTION><DECORATED>main</DECORATED><FUNCLINE>25</FUNCLINE><PATH /></DEFECT><DEFECT><SFA><FILEPATH>c:\users\regis.dev\documents\visual studio 2013\projects\consoleapplication1\bufferoverflow\</FILEPATH><FILENAME>bufferoverflow.c</FILENAME><LINE>36</LINE><COLUMN>7</COLUMN></SFA><DEFECTCODE>6340</DEFECTCODE><DESCRIPTION>Incompatibilité sur le signe : 'unsigned int' transmis en tant que _Param_(3) lorsqu'un type signed est requis dans l'appel à 'printf'.</DESCRIPTION><FUNCTION>main</FUNCTION><DECORATED>main</DECORATED><FUNCLINE>25</FUNCLINE><PATH /></DEFECT><DEFECT><SFA><FILEPATH>c:\users\regis.dev\documents\visual studio 2013\projects\consoleapplication1\bufferoverflow\</FILEPATH><FILENAME>bufferoverflow.c</FILENAME><LINE>37</LINE><COLUMN>7</COLUMN></SFA><DEFECTCODE>6340</DEFECTCODE><DESCRIPTION>Incompatibilité sur le signe : 'unsigned int' transmis en tant que _Param_(3) lorsqu'un type signed est requis dans l'appel à 'printf'.</DESCRIPTION><FUNCTION>main</FUNCTION><DECORATED>main</DECORATED><FUNCLINE>25</FUNCLINE><PATH /></DEFECT><DEFECT><SFA><FILEPATH>c:\users\regis.dev\documents\visual studio 2013\projects\consoleapplication1\bufferoverflow\</FILEPATH><FILENAME>bufferoverflow.c</FILENAME><LINE>51</LINE><COLUMN>7</COLUMN></SFA><DEFECTCODE>6340</DEFECTCODE><DESCRIPTION>Incompatibilité sur le signe : 'unsigned int' transmis en tant que _Param_(3) lorsqu'un type signed est requis dans l'appel à 'printf'.</DESCRIPTION><FUNCTION>main</FUNCTION><DECORATED>main</DECORATED><FUNCLINE>25</FUNCLINE><PATH /></DEFECT><DEFECT><SFA><FILEPATH>c:\users\regis.dev\documents\visual studio 2013\projects\consoleapplication1\bufferoverflow\</FILEPATH><FILENAME>bufferoverflow.c</FILENAME><LINE>52</LINE><COLUMN>7</COLUMN></SFA><DEFECTCODE>6340</DEFECTCODE><DESCRIPTION>Incompatibilité sur le signe : 'unsigned int' transmis en tant que _Param_(3) lorsqu'un type signed est requis dans l'appel à 'printf'.</DESCRIPTION><FUNCTION>main</FUNCTION><DECORATED>main</DECORATED><FUNCLINE>25</FUNCLINE><PATH /></DEFECT><DEFECT><SFA><FILEPATH>c:\users\regis.dev\documents\visual studio 2013\projects\consoleapplication1\bufferoverflow\</FILEPATH><FILENAME>bufferoverflow.c</FILENAME><LINE>77</LINE><COLUMN>6</COLUMN></SFA><DEFECTCODE>6031</DEFECTCODE><DESCRIPTION>Valeur de retour ignorée : 'scanf'.</DESCRIPTION><FUNCTION>main</FUNCTION><DECORATED>main</DECORATED><FUNCLINE>25</FUNCLINE><PATH /></DEFECT><DEFECT><SFA><FILEPATH>c:\users\regis.dev\documents\visual studio 2013\projects\consoleapplication1\bufferoverflow\</FILEPATH><FILENAME>bufferoverflow.c</FILENAME><LINE>83</LINE><COLUMN>6</COLUMN></SFA><DEFECTCODE>6031</DEFECTCODE><DESCRIPTION>Valeur de retour ignorée : 'scanf'.</DESCRIPTION><FUNCTION>main</FUNCTION><DECORATED>main</DECORATED><FUNCLINE>25</FUNCLINE><PATH /></DEFECT><DEFECT><SFA><FILEPATH>c:\users\regis.dev\documents\visual studio 2013\projects\consoleapplication1\bufferoverflow\</FILEPATH><FILENAME>bufferoverflow.c</FILENAME><LINE>65</LINE><COLUMN>12</COLUMN></SFA><DEFECTCODE>6386</DEFECTCODE><DESCRIPTION>Dépassement de mémoire tampon lors de l'écriture sur 'tabbug2' : la taille accessible en écriture est '4' octets, mais '5' octets sont peut-être écrits.</DESCRIPTION><FUNCTION>main</FUNCTION><DECORATED>main</DECORATED><FUNCLINE>25</FUNCLINE><PROBABILITY>1</PROBABILITY><RANK>4</RANK><CATEGORY><RULECATEGORY>mspft</RULECATEGORY></CATEGORY><PATH><SFA><FILEPATH>c:\users\regis.dev\documents\visual studio 2013\projects\consoleapplication1\bufferoverflow\</FILEPATH><FILENAME>bufferoverflow.c</FILENAME><LINE>28</LINE><COLUMN>6</COLUMN></SFA><SFA><FILEPATH>c:\users\regis.dev\documents\visual studio 2013\projects\consoleapplication1\bufferoverflow\</FILEPATH><FILENAME>bufferoverflow.c</FILENAME><LINE>29</LINE><COLUMN>6</COLUMN></SFA><SFA><FILEPATH>c:\users\regis.dev\documents\visual studio 2013\projects\consoleapplication1\bufferoverflow\</FILEPATH><FILENAME>bufferoverflow.c</FILENAME><LINE>31</LINE><COLUMN>7</COLUMN></SFA><SFA><FILEPATH>c:\users\regis.dev\documents\visual studio 2013\projects\consoleapplication1\bufferoverflow\</FILEPATH><FILENAME>bufferoverflow.c</FILENAME><LINE>33</LINE><COLUMN>7</COLUMN></SFA><SFA><FILEPATH>c:\users\regis.dev\documents\visual studio 2013\projects\consoleapplication1\bufferoverflow\</FILEPATH><FILENAME>bufferoverflow.c</FILENAME><LINE>35</LINE><COLUMN>7</COLUMN></SFA><SFA><FILEPATH>c:\users\regis.dev\documents\visual studio 2013\projects\consoleapplication1\bufferoverflow\</FILEPATH><FILENAME>bufferoverflow.c</FILENAME><LINE>36</LINE><COLUMN>7</COLUMN></SFA><SFA><FILEPATH>c:\users\regis.dev\documents\visual studio 2013\projects\consoleapplication1\bufferoverflow\</FILEPATH><FILENAME>bufferoverflow.c</FILENAME><LINE>37</LINE><COLUMN>7</COLUMN></SFA><SFA><FILEPATH>c:\users\regis.dev\documents\visual studio 2013\projects\consoleapplication1\bufferoverflow\</FILEPATH><FILENAME>bufferoverflow.c</FILENAME><LINE>38</LINE><COLUMN>7</COLUMN></SFA><SFA><FILEPATH>c:\users\regis.dev\documents\visual studio 2013\projects\consoleapplication1\bufferoverflow\</FILEPATH><FILENAME>bufferoverflow.c</FILENAME><LINE>40</LINE><COLUMN>5</COLUMN></SFA><SFA><FILEPATH>c:\users\regis.dev\documents\visual studio 2013\projects\consoleapplication1\bufferoverflow\</FILEPATH><FILENAME>bufferoverflow.c</FILENAME><LINE>42</LINE><COLUMN>8</COLUMN></SFA><SFA><FILEPATH>c:\users\regis.dev\documents\visual studio 2013\projects\consoleapplication1\bufferoverflow\</FILEPATH><FILENAME>bufferoverflow.c</FILENAME><LINE>42</LINE><COLUMN>15</COLUMN></SFA><SFA><FILEPATH>c:\users\regis.dev\documents\visual studio 2013\projects\consoleapplication1\bufferoverflow\</FILEPATH><FILENAME>bufferoverflow.c</FILENAME><LINE>44</LINE><COLUMN>12</COLUMN></SFA><SFA><FILEPATH>c:\users\regis.dev\documents\visual studio 2013\projects\consoleapplication1\bufferoverflow\</FILEPATH><FILENAME>bufferoverflow.c</FILENAME><LINE>42</LINE><COLUMN>23</COLUMN></SFA><SFA><FILEPATH>c:\users\regis.dev\documents\visual studio 2013\projects\consoleapplication1\bufferoverflow\</FILEPATH><FILENAME>bufferoverflow.c</FILENAME><LINE>42</LINE><COLUMN>15</COLUMN></SFA><SFA><FILEPATH>c:\users\regis.dev\documents\visual studio 2013\projects\consoleapplication1\bufferoverflow\</FILEPATH><FILENAME>bufferoverflow.c</FILENAME><LINE>44</LINE><COLUMN>12</COLUMN></SFA><SFA><FILEPATH>c:\users\regis.dev\documents\visual studio 2013\projects\consoleapplication1\bufferoverflow\</FILEPATH><FILENAME>bufferoverflow.c</FILENAME><LINE>42</LINE><COLUMN>23</COLUMN></SFA><SFA><FILEPATH>c:\users\regis.dev\documents\visual studio 2013\projects\consoleapplication1\bufferoverflow\</FILEPATH><FILENAME>bufferoverflow.c</FILENAME><LINE>42</LINE><COLUMN>15</COLUMN></SFA><SFA><FILEPATH>c:\users\regis.dev\documents\visual studio 2013\projects\consoleapplication1\bufferoverflow\</FILEPATH><FILENAME>bufferoverflow.c</FILENAME><LINE>47</LINE><COLUMN>7</COLUMN></SFA><SFA><FILEPATH>c:\users\regis.dev\documents\visual studio 2013\projects\consoleapplication1\bufferoverflow\</FILEPATH><FILENAME>bufferoverflow.c</FILENAME><LINE>49</LINE><COLUMN>7</COLUMN></SFA><SFA><FILEPATH>c:\users\regis.dev\documents\visual studio 2013\projects\consoleapplication1\bufferoverflow\</FILEPATH><FILENAME>bufferoverflow.c</FILENAME><LINE>51</LINE><COLUMN>7</COLUMN><KEYEVENT><ID>1</ID><KIND>déclaration</KIND><IMPORTANCE>Full</IMPORTANCE><MESSAGE>'tabbug2' est une sortie de 'printf' (déclarée au niveau de c:\program files (x86)\microsoft visual studio 12.0\vc\include\stdio.h:264)</MESSAGE></KEYEVENT></SFA><SFA><FILEPATH>c:\users\regis.dev\documents\visual studio 2013\projects\consoleapplication1\bufferoverflow\</FILEPATH><FILENAME>bufferoverflow.c</FILENAME><LINE>52</LINE><COLUMN>7</COLUMN></SFA><SFA><FILEPATH>c:\users\regis.dev\documents\visual studio 2013\projects\consoleapplication1\bufferoverflow\</FILEPATH><FILENAME>bufferoverflow.c</FILENAME><LINE>54</LINE><COLUMN>7</COLUMN></SFA><SFA><FILEPATH>c:\users\regis.dev\documents\visual studio 2013\projects\consoleapplication1\bufferoverflow\</FILEPATH><FILENAME>bufferoverflow.c</FILENAME><LINE>57</LINE><COLUMN>8</COLUMN></SFA><SFA><FILEPATH>c:\users\regis.dev\documents\visual studio 2013\projects\consoleapplication1\bufferoverflow\</FILEPATH><FILENAME>bufferoverflow.c</FILENAME><LINE>57</LINE><COLUMN>15</COLUMN></SFA><SFA><FILEPATH>c:\users\regis.dev\documents\visual studio 2013\projects\consoleapplication1\bufferoverflow\</FILEPATH><FILENAME>bufferoverflow.c</FILENAME><LINE>59</LINE><COLUMN>9</COLUMN></SFA><SFA><FILEPATH>c:\users\regis.dev\documents\visual studio 2013\projects\consoleapplication1\bufferoverflow\</FILEPATH><FILENAME>bufferoverflow.c</FILENAME><LINE>57</LINE><COLUMN>22</COLUMN></SFA><SFA><FILEPATH>c:\users\regis.dev\documents\visual studio 2013\projects\consoleapplication1\bufferoverflow\</FILEPATH><FILENAME>bufferoverflow.c</FILENAME><LINE>57</LINE><COLUMN>15</COLUMN></SFA><SFA><FILEPATH>c:\users\regis.dev\documents\visual studio 2013\projects\consoleapplication1\bufferoverflow\</FILEPATH><FILENAME>bufferoverflow.c</FILENAME><LINE>59</LINE><COLUMN>9</COLUMN></SFA><SFA><FILEPATH>c:\users\regis.dev\documents\visual studio 2013\projects\consoleapplication1\bufferoverflow\</FILEPATH><FILENAME>bufferoverflow.c</FILENAME><LINE>57</LINE><COLUMN>22</COLUMN></SFA><SFA><FILEPATH>c:\users\regis.dev\documents\visual studio 2013\projects\consoleapplication1\bufferoverflow\</FILEPATH><FILENAME>bufferoverflow.c</FILENAME><LINE>57</LINE><COLUMN>15</COLUMN></SFA><SFA><FILEPATH>c:\users\regis.dev\documents\visual studio 2013\projects\consoleapplication1\bufferoverflow\</FILEPATH><FILENAME>bufferoverflow.c</FILENAME><LINE>61</LINE><COLUMN>8</COLUMN></SFA><SFA><FILEPATH>c:\users\regis.dev\documents\visual studio 2013\projects\consoleapplication1\bufferoverflow\</FILEPATH><FILENAME>bufferoverflow.c</FILENAME><LINE>62</LINE><COLUMN>7</COLUMN></SFA><SFA><FILEPATH>c:\users\regis.dev\documents\visual studio 2013\projects\consoleapplication1\bufferoverflow\</FILEPATH><FILENAME>bufferoverflow.c</FILENAME><LINE>65</LINE><COLUMN>12</COLUMN><KEYEVENT><ID>2</ID><KIND>utilisation</KIND><IMPORTANCE>Essential</IMPORTANCE><MESSAGE>Écriture incorrecte sur 'tabbug2[4]', (plage d'écriture entre 0 et 3)</MESSAGE></KEYEVENT></SFA></PATH></DEFECT><DEFECT><SFA><FILEPATH>c:\users\regis.dev\documents\visual studio 2013\projects\consoleapplication1\bufferoverflow\</FILEPATH><FILENAME>bufferoverflow.c</FILENAME><LINE>97</LINE><COLUMN>13</COLUMN></SFA><DEFECTCODE>6011</DEFECTCODE><DESCRIPTION>Suppression de la référence du pointeur NULL 'p1'. </DESCRIPTION><FUNCTION>main</FUNCTION><DECORATED>main</DECORATED><FUNCLINE>25</FUNCLINE><PROBABILITY>1</PROBABILITY><RANK>4</RANK><CATEGORY><RULECATEGORY>mspft</RULECATEGORY></CATEGORY><PATH><SFA><FILEPATH>c:\users\regis.dev\documents\visual studio 2013\projects\consoleapplication1\bufferoverflow\</FILEPATH><FILENAME>bufferoverflow.c</FILENAME><LINE>28</LINE><COLUMN>6</COLUMN></SFA><SFA><FILEPATH>c:\users\regis.dev\documents\visual studio 2013\projects\consoleapplication1\bufferoverflow\</FILEPATH><FILENAME>bufferoverflow.c</FILENAME><LINE>29</LINE><COLUMN>6</COLUMN></SFA><SFA><FILEPATH>c:\users\regis.dev\documents\visual studio 2013\projects\consoleapplication1\bufferoverflow\</FILEPATH><FILENAME>bufferoverflow.c</FILENAME><LINE>31</LINE><COLUMN>7</COLUMN></SFA><SFA><FILEPATH>c:\users\regis.dev\documents\visual studio 2013\projects\consoleapplication1\bufferoverflow\</FILEPATH><FILENAME>bufferoverflow.c</FILENAME><LINE>33</LINE><COLUMN>7</COLUMN></SFA><SFA><FILEPATH>c:\users\regis.dev\documents\visual studio 2013\projects\consoleapplication1\bufferoverflow\</FILEPATH><FILENAME>bufferoverflow.c</FILENAME><LINE>35</LINE><COLUMN>7</COLUMN></SFA><SFA><FILEPATH>c:\users\regis.dev\documents\visual studio 2013\projects\consoleapplication1\bufferoverflow\</FILEPATH><FILENAME>bufferoverflow.c</FILENAME><LINE>36</LINE><COLUMN>7</COLUMN></SFA><SFA><FILEPATH>c:\users\regis.dev\documents\visual studio 2013\projects\consoleapplication1\bufferoverflow\</FILEPATH><FILENAME>bufferoverflow.c</FILENAME><LINE>37</LINE><COLUMN>7</COLUMN></SFA><SFA><FILEPATH>c:\users\regis.dev\documents\visual studio 2013\projects\consoleapplication1\bufferoverflow\</FILEPATH><FILENAME>bufferoverflow.c</FILENAME><LINE>38</LINE><COLUMN>7</COLUMN></SFA><SFA><FILEPATH>c:\users\regis.dev\documents\visual studio 2013\projects\consoleapplication1\bufferoverflow\</FILEPATH><FILENAME>bufferoverflow.c</FILENAME><LINE>40</LINE><COLUMN>5</COLUMN></SFA><SFA><FILEPATH>c:\users\regis.dev\documents\visual studio 2013\projects\consoleapplication1\bufferoverflow\</FILEPATH><FILENAME>bufferoverflow.c</FILENAME><LINE>42</LINE><COLUMN>8</COLUMN></SFA><SFA><FILEPATH>c:\users\regis.dev\documents\visual studio 2013\projects\consoleapplication1\bufferoverflow\</FILEPATH><FILENAME>bufferoverflow.c</FILENAME><LINE>42</LINE><COLUMN>15</COLUMN></SFA><SFA><FILEPATH>c:\users\regis.dev\documents\visual studio 2013\projects\consoleapplication1\bufferoverflow\</FILEPATH><FILENAME>bufferoverflow.c</FILENAME><LINE>44</LINE><COLUMN>12</COLUMN></SFA><SFA><FILEPATH>c:\users\regis.dev\documents\visual studio 2013\projects\consoleapplication1\bufferoverflow\</FILEPATH><FILENAME>bufferoverflow.c</FILENAME><LINE>42</LINE><COLUMN>23</COLUMN></SFA><SFA><FILEPATH>c:\users\regis.dev\documents\visual studio 2013\projects\consoleapplication1\bufferoverflow\</FILEPATH><FILENAME>bufferoverflow.c</FILENAME><LINE>42</LINE><COLUMN>15</COLUMN></SFA><SFA><FILEPATH>c:\users\regis.dev\documents\visual studio 2013\projects\consoleapplication1\bufferoverflow\</FILEPATH><FILENAME>bufferoverflow.c</FILENAME><LINE>44</LINE><COLUMN>12</COLUMN></SFA><SFA><FILEPATH>c:\users\regis.dev\documents\visual studio 2013\projects\consoleapplication1\bufferoverflow\</FILEPATH><FILENAME>bufferoverflow.c</FILENAME><LINE>42</LINE><COLUMN>23</COLUMN></SFA><SFA><FILEPATH>c:\users\regis.dev\documents\visual studio 2013\projects\consoleapplication1\bufferoverflow\</FILEPATH><FILENAME>bufferoverflow.c</FILENAME><LINE>42</LINE><COLUMN>15</COLUMN></SFA><SFA><FILEPATH>c:\users\regis.dev\documents\visual studio 2013\projects\consoleapplication1\bufferoverflow\</FILEPATH><FILENAME>bufferoverflow.c</FILENAME><LINE>47</LINE><COLUMN>7</COLUMN></SFA><SFA><FILEPATH>c:\users\regis.dev\documents\visual studio 2013\projects\consoleapplication1\bufferoverflow\</FILEPATH><FILENAME>bufferoverflow.c</FILENAME><LINE>49</LINE><COLUMN>7</COLUMN></SFA><SFA><FILEPATH>c:\users\regis.dev\documents\visual studio 2013\projects\consoleapplication1\bufferoverflow\</FILEPATH><FILENAME>bufferoverflow.c</FILENAME><LINE>51</LINE><COLUMN>7</COLUMN></SFA><SFA><FILEPATH>c:\users\regis.dev\documents\visual studio 2013\projects\consoleapplication1\bufferoverflow\</FILEPATH><FILENAME>bufferoverflow.c</FILENAME><LINE>52</LINE><COLUMN>7</COLUMN></SFA><SFA><FILEPATH>c:\users\regis.dev\documents\visual studio 2013\projects\consoleapplication1\bufferoverflow\</FILEPATH><FILENAME>bufferoverflow.c</FILENAME><LINE>54</LINE><COLUMN>7</COLUMN></SFA><SFA><FILEPATH>c:\users\regis.dev\documents\visual studio 2013\projects\consoleapplication1\bufferoverflow\</FILEPATH><FILENAME>bufferoverflow.c</FILENAME><LINE>57</LINE><COLUMN>8</COLUMN></SFA><SFA><FILEPATH>c:\users\regis.dev\documents\visual studio 2013\projects\consoleapplication1\bufferoverflow\</FILEPATH><FILENAME>bufferoverflow.c</FILENAME><LINE>57</LINE><COLUMN>15</COLUMN></SFA><SFA><FILEPATH>c:\users\regis.dev\documents\visual studio 2013\projects\consoleapplication1\bufferoverflow\</FILEPATH><FILENAME>bufferoverflow.c</FILENAME><LINE>59</LINE><COLUMN>9</COLUMN></SFA><SFA><FILEPATH>c:\users\regis.dev\documents\visual studio 2013\projects\consoleapplication1\bufferoverflow\</FILEPATH><FILENAME>bufferoverflow.c</FILENAME><LINE>57</LINE><COLUMN>22</COLUMN></SFA><SFA><FILEPATH>c:\users\regis.dev\documents\visual studio 2013\projects\consoleapplication1\bufferoverflow\</FILEPATH><FILENAME>bufferoverflow.c</FILENAME><LINE>57</LINE><COLUMN>15</COLUMN></SFA><SFA><FILEPATH>c:\users\regis.dev\documents\visual studio 2013\projects\consoleapplication1\bufferoverflow\</FILEPATH><FILENAME>bufferoverflow.c</FILENAME><LINE>59</LINE><COLUMN>9</COLUMN></SFA><SFA><FILEPATH>c:\users\regis.dev\documents\visual studio 2013\projects\consoleapplication1\bufferoverflow\</FILEPATH><FILENAME>bufferoverflow.c</FILENAME><LINE>57</LINE><COLUMN>22</COLUMN></SFA><SFA><FILEPATH>c:\users\regis.dev\documents\visual studio 2013\projects\consoleapplication1\bufferoverflow\</FILEPATH><FILENAME>bufferoverflow.c</FILENAME><LINE>57</LINE><COLUMN>15</COLUMN></SFA><SFA><FILEPATH>c:\users\regis.dev\documents\visual studio 2013\projects\consoleapplication1\bufferoverflow\</FILEPATH><FILENAME>bufferoverflow.c</FILENAME><LINE>61</LINE><COLUMN>8</COLUMN></SFA><SFA><FILEPATH>c:\users\regis.dev\documents\visual studio 2013\projects\consoleapplication1\bufferoverflow\</FILEPATH><FILENAME>bufferoverflow.c</FILENAME><LINE>62</LINE><COLUMN>7</COLUMN></SFA><SFA><FILEPATH>c:\users\regis.dev\documents\visual studio 2013\projects\consoleapplication1\bufferoverflow\</FILEPATH><FILENAME>bufferoverflow.c</FILENAME><LINE>65</LINE><COLUMN>12</COLUMN></SFA><SFA><FILEPATH>c:\users\regis.dev\documents\visual studio 2013\projects\consoleapplication1\bufferoverflow\</FILEPATH><FILENAME>bufferoverflow.c</FILENAME><LINE>66</LINE><COLUMN>7</COLUMN></SFA><SFA><FILEPATH>c:\users\regis.dev\documents\visual studio 2013\projects\consoleapplication1\bufferoverflow\</FILEPATH><FILENAME>bufferoverflow.c</FILENAME><LINE>68</LINE><COLUMN>7</COLUMN></SFA><SFA><FILEPATH>c:\users\regis.dev\documents\visual studio 2013\projects\consoleapplication1\bufferoverflow\</FILEPATH><FILENAME>bufferoverflow.c</FILENAME><LINE>73</LINE><COLUMN>7</COLUMN></SFA><SFA><FILEPATH>c:\users\regis.dev\documents\visual studio 2013\projects\consoleapplication1\bufferoverflow\</FILEPATH><FILENAME>bufferoverflow.c</FILENAME><LINE>75</LINE><COLUMN>7</COLUMN></SFA><SFA><FILEPATH>c:\users\regis.dev\documents\visual studio 2013\projects\consoleapplication1\bufferoverflow\</FILEPATH><FILENAME>bufferoverflow.c</FILENAME><LINE>77</LINE><COLUMN>6</COLUMN></SFA><SFA><FILEPATH>c:\users\regis.dev\documents\visual studio 2013\projects\consoleapplication1\bufferoverflow\</FILEPATH><FILENAME>bufferoverflow.c</FILENAME><LINE>78</LINE><COLUMN>7</COLUMN></SFA><SFA><FILEPATH>c:\users\regis.dev\documents\visual studio 2013\projects\consoleapplication1\bufferoverflow\</FILEPATH><FILENAME>bufferoverflow.c</FILENAME><LINE>80</LINE><COLUMN>7</COLUMN></SFA><SFA><FILEPATH>c:\users\regis.dev\documents\visual studio 2013\projects\consoleapplication1\bufferoverflow\</FILEPATH><FILENAME>bufferoverflow.c</FILENAME><LINE>81</LINE><COLUMN>7</COLUMN></SFA><SFA><FILEPATH>c:\users\regis.dev\documents\visual studio 2013\projects\consoleapplication1\bufferoverflow\</FILEPATH><FILENAME>bufferoverflow.c</FILENAME><LINE>83</LINE><COLUMN>6</COLUMN></SFA><SFA><FILEPATH>c:\users\regis.dev\documents\visual studio 2013\projects\consoleapplication1\bufferoverflow\</FILEPATH><FILENAME>bufferoverflow.c</FILENAME><LINE>84</LINE><COLUMN>7</COLUMN></SFA><SFA><FILEPATH>c:\users\regis.dev\documents\visual studio 2013\projects\consoleapplication1\bufferoverflow\</FILEPATH><FILENAME>bufferoverflow.c</FILENAME><LINE>86</LINE><COLUMN>7</COLUMN></SFA><SFA><FILEPATH>c:\users\regis.dev\documents\visual studio 2013\projects\consoleapplication1\bufferoverflow\</FILEPATH><FILENAME>bufferoverflow.c</FILENAME><LINE>87</LINE><COLUMN>8</COLUMN><KEYEVENT><ID>1</ID><KIND>déclaration</KIND><IMPORTANCE>Essential</IMPORTANCE><MESSAGE>'p1' peut avoir la valeur NULL</MESSAGE></KEYEVENT></SFA><SFA><FILEPATH>c:\users\regis.dev\documents\visual studio 2013\projects\consoleapplication1\bufferoverflow\</FILEPATH><FILENAME>bufferoverflow.c</FILENAME><LINE>88</LINE><COLUMN>8</COLUMN></SFA><SFA><FILEPATH>c:\users\regis.dev\documents\visual studio 2013\projects\consoleapplication1\bufferoverflow\</FILEPATH><FILENAME>bufferoverflow.c</FILENAME><LINE>90</LINE><COLUMN>7</COLUMN><KEYEVENT><ID>2</ID><KIND>déclaration</KIND><IMPORTANCE>Full</IMPORTANCE><MESSAGE>'p1' est une sortie de 'printf' (déclarée au niveau de c:\program files (x86)\microsoft visual studio 12.0\vc\include\stdio.h:264)</MESSAGE></KEYEVENT></SFA><SFA><FILEPATH>c:\users\regis.dev\documents\visual studio 2013\projects\consoleapplication1\bufferoverflow\</FILEPATH><FILENAME>bufferoverflow.c</FILENAME><LINE>91</LINE><COLUMN>7</COLUMN></SFA><SFA><FILEPATH>c:\users\regis.dev\documents\visual studio 2013\projects\consoleapplication1\bufferoverflow\</FILEPATH><FILENAME>bufferoverflow.c</FILENAME><LINE>93</LINE><COLUMN>7</COLUMN></SFA><SFA><FILEPATH>c:\users\regis.dev\documents\visual studio 2013\projects\consoleapplication1\bufferoverflow\</FILEPATH><FILENAME>bufferoverflow.c</FILENAME><LINE>95</LINE><COLUMN>7</COLUMN></SFA><SFA><FILEPATH>c:\users\regis.dev\documents\visual studio 2013\projects\consoleapplication1\bufferoverflow\</FILEPATH><FILENAME>bufferoverflow.c</FILENAME><LINE>96</LINE><COLUMN>5</COLUMN></SFA><SFA><FILEPATH>c:\users\regis.dev\documents\visual studio 2013\projects\consoleapplication1\bufferoverflow\</FILEPATH><FILENAME>bufferoverflow.c</FILENAME><LINE>97</LINE><COLUMN>13</COLUMN><KEYEVENT><ID>3</ID><KIND>utilisation</KIND><IMPORTANCE>Essential</IMPORTANCE><MESSAGE>'p1' est déréférencé, mais peut encore avoir la valeur NULL</MESSAGE></KEYEVENT></SFA></PATH></DEFECT></DEFECTS>