<?xml version='1.0' encoding='UTF-8'?>
<DEFECTS><DEFECT><SFA><FILEPATH>c:\users\regis.dev\documents\visual studio 2013\projects\consoleapplication1\attaque_bufferoverflow\</FILEPATH><FILENAME>attaquebufferoverflow.c</FILENAME><LINE>20</LINE><COLUMN>6</COLUMN></SFA><DEFECTCODE>6031</DEFECTCODE><DESCRIPTION>Valeur de retour ignorée : 'scanf'.</DESCRIPTION><FUNCTION>verifie_mot_de_passeBad</FUNCTION><DECORATED>verifie_mot_de_passeBad</DECORATED><FUNCLINE>16</FUNCLINE><PATH/></DEFECT><DEFECT><SFA><FILEPATH>c:\users\regis.dev\documents\visual studio 2013\projects\consoleapplication1\attaque_bufferoverflow\</FILEPATH><FILENAME>attaquebufferoverflow.c</FILENAME><LINE>31</LINE><COLUMN>6</COLUMN></SFA><DEFECTCODE>6031</DEFECTCODE><DESCRIPTION>Valeur de retour ignorée : 'scanf'.</DESCRIPTION><FUNCTION>verifie_mot_de_passeGood</FUNCTION><DECORATED>verifie_mot_de_passeGood</DECORATED><FUNCLINE>27</FUNCLINE><PATH/></DEFECT></DEFECTS>