<?xml version="1.0" encoding="UTF-8"?>
<project-private xmlns="http://www.netbeans.org/ns/project-private/1">
    <editor-bookmarks xmlns="http://www.netbeans.org/ns/editor-bookmarks/2" lastBookmarkId="0"/>
    <open-files xmlns="http://www.netbeans.org/ns/projectui-open-files/2">
        <group>
            <file>file:/D:/Etude%20Securite/Livrables/Partie%202%20-%20Séances/SEANCES/14%20Sécuriser%20les%20couches%20logicielles%20dans%20une%20application%20N%20Tiers/corriges/WebApplicationSecurity/web/WEB-INF/glassfish-web.xml</file>
            <file>file:/D:/Etude%20Securite/Livrables/Partie%202%20-%20Séances/SEANCES/14%20Sécuriser%20les%20couches%20logicielles%20dans%20une%20application%20N%20Tiers/corriges/WebApplicationSecurity/web/WEB-INF/web.xml</file>
        </group>
    </open-files>
</project-private>
