<?xml version="1.0" encoding="UTF-8"?>
<project-private xmlns="http://www.netbeans.org/ns/project-private/1">
    <editor-bookmarks xmlns="http://www.netbeans.org/ns/editor-bookmarks/2" lastBookmarkId="0"/>
    <open-files xmlns="http://www.netbeans.org/ns/projectui-open-files/2">
        <group>
            <file>file:/D:/Etude%20Securite/Livrables/Partie%202%20-%20Séances/SEANCES/13%20Sécuriser%20les%20objets%20métier%20dans%20un%20environnement%20serveur/corriges/NetBeans/cart/cart-ejbV1/src/java/javaeetutorial/cartsecure/ejb/CartBean.java</file>
            <file>file:/D:/Etude%20Securite/Livrables/Partie%202%20-%20Séances/SEANCES/13%20Sécuriser%20les%20objets%20métier%20dans%20un%20environnement%20serveur/corriges/NetBeans/cart/cart-ejbV1/src/java/javaeetutorial/cartsecure/ejb/Cart.java</file>
        </group>
    </open-files>
</project-private>
