<?xml version="1.0" encoding="UTF-8"?>
<project-private xmlns="http://www.netbeans.org/ns/project-private/1">
    <editor-bookmarks xmlns="http://www.netbeans.org/ns/editor-bookmarks/2" lastBookmarkId="0"/>
    <open-files xmlns="http://www.netbeans.org/ns/projectui-open-files/2">
        <group>
            <file>file:/C:/Users/install/Documents/NetBeansProjects/DemoAttaqueComposée/src/java/outils/ConnexionBdd.java</file>
            <file>file:/C:/Users/install/Documents/NetBeansProjects/DemoAttaqueComposée/web/affichage.jsp</file>
            <file>file:/C:/Users/install/Documents/NetBeansProjects/DemoAttaqueComposée/web/index.html</file>
            <file>file:/C:/Users/install/Documents/NetBeansProjects/DemoAttaqueComposée/web/creation.html</file>
            <file>file:/C:/Users/install/Documents/NetBeansProjects/DemoAttaqueComposée/src/java/outils/Authentification.java</file>
            <file>file:/C:/Users/install/Documents/NetBeansProjects/DemoAttaqueComposée/web/creerLivre.jsp</file>
        </group>
    </open-files>
</project-private>
