﻿<?xml version="1.0" encoding="utf-8"?><DEFECTS><DEFECT><SFA><FILEPATH>c:\users\regis.dev\documents\visual studio 2013\projects\consoleapplication1\integer_overflow\</FILEPATH><FILENAME>integeroverflow.c</FILENAME><LINE>47</LINE><COLUMN>21</COLUMN></SFA><DEFECTCODE>6246</DEFECTCODE><DESCRIPTION>La déclaration locale de 'i' masque la déclaration du même nom dans la portée externe. Pour des informations supplémentaires, reportez-vous à la déclaration précédente à la ligne '31' de 'c:\users\regis.dev\documents\visual studio 2013\projects\consoleapplication1\integer_overflow\integeroverflow.c'.</DESCRIPTION><FUNCTION>main</FUNCTION><DECORATED>main</DECORATED><FUNCLINE>10</FUNCLINE><PATH><SFA><FILEPATH>c:\users\regis.dev\documents\visual studio 2013\projects\consoleapplication1\integer_overflow\</FILEPATH><FILENAME>integeroverflow.c</FILENAME><LINE>31</LINE><COLUMN>5</COLUMN></SFA></PATH></DEFECT><DEFECT><SFA><FILEPATH>c:\users\regis.dev\documents\visual studio 2013\projects\consoleapplication1\integer_overflow\</FILEPATH><FILENAME>integeroverflow.c</FILENAME><LINE>10</LINE><COLUMN>4</COLUMN></SFA><DEFECTCODE>6262</DEFECTCODE><DESCRIPTION>La fonction utilise '70024' octets de pile : dépasse /analyze:stacksize '16384'. Si possible, déplacez certaines données vers le tas.</DESCRIPTION><FUNCTION>main</FUNCTION><DECORATED>main</DECORATED><FUNCLINE>10</FUNCLINE><PATH /></DEFECT><DEFECT><SFA><FILEPATH>c:\users\regis.dev\documents\visual studio 2013\projects\consoleapplication1\integer_overflow\</FILEPATH><FILENAME>integeroverflow.c</FILENAME><LINE>23</LINE><COLUMN>6</COLUMN></SFA><DEFECTCODE>6031</DEFECTCODE><DESCRIPTION>Valeur de retour ignorée : 'scanf'.</DESCRIPTION><FUNCTION>main</FUNCTION><DECORATED>main</DECORATED><FUNCLINE>10</FUNCLINE><PATH /></DEFECT><DEFECT><SFA><FILEPATH>c:\users\regis.dev\documents\visual studio 2013\projects\consoleapplication1\integer_overflow\</FILEPATH><FILENAME>integeroverflow.c</FILENAME><LINE>23</LINE><COLUMN>6</COLUMN></SFA><DEFECTCODE>6328</DEFECTCODE><DESCRIPTION>Incompatibilité de taille : 'unsigned short' passé comme _Param_(2) lorsque '32 bit operand' est requis dans l'appel à 'scanf'. Cela indique une erreur grave potentielle. Une sous-utilisation ou une saturation de la mémoire peut se produire lorsque cela est signalé pour les fonctions de style scanf.</DESCRIPTION><FUNCTION>main</FUNCTION><DECORATED>main</DECORATED><FUNCLINE>10</FUNCLINE><PATH /></DEFECT><DEFECT><SFA><FILEPATH>c:\users\regis.dev\documents\visual studio 2013\projects\consoleapplication1\integer_overflow\</FILEPATH><FILENAME>integeroverflow.c</FILENAME><LINE>23</LINE><COLUMN>6</COLUMN></SFA><DEFECTCODE>6340</DEFECTCODE><DESCRIPTION>Incompatibilité sur le signe : 'unsigned short' transmis en tant que _Param_(2) lorsqu'un type signed est requis dans l'appel à 'scanf'.</DESCRIPTION><FUNCTION>main</FUNCTION><DECORATED>main</DECORATED><FUNCLINE>10</FUNCLINE><PATH /></DEFECT><DEFECT><SFA><FILEPATH>c:\users\regis.dev\documents\visual studio 2013\projects\consoleapplication1\integer_overflow\</FILEPATH><FILENAME>integeroverflow.c</FILENAME><LINE>24</LINE><COLUMN>7</COLUMN></SFA><DEFECTCODE>6340</DEFECTCODE><DESCRIPTION>Incompatibilité sur le signe : 'unsigned short' transmis en tant que _Param_(2) lorsqu'un type signed est requis dans l'appel à 'printf'.</DESCRIPTION><FUNCTION>main</FUNCTION><DECORATED>main</DECORATED><FUNCLINE>10</FUNCLINE><PATH /></DEFECT><DEFECT><SFA><FILEPATH>c:\users\regis.dev\documents\visual studio 2013\projects\consoleapplication1\integer_overflow\</FILEPATH><FILENAME>integeroverflow.c</FILENAME><LINE>41</LINE><COLUMN>6</COLUMN></SFA><DEFECTCODE>6031</DEFECTCODE><DESCRIPTION>Valeur de retour ignorée : 'scanf'.</DESCRIPTION><FUNCTION>main</FUNCTION><DECORATED>main</DECORATED><FUNCLINE>10</FUNCLINE><PATH /></DEFECT><DEFECT><SFA><FILEPATH>c:\users\regis.dev\documents\visual studio 2013\projects\consoleapplication1\integer_overflow\</FILEPATH><FILENAME>integeroverflow.c</FILENAME><LINE>41</LINE><COLUMN>6</COLUMN></SFA><DEFECTCODE>6328</DEFECTCODE><DESCRIPTION>Incompatibilité de taille : 'unsigned short' passé comme _Param_(2) lorsque '32 bit operand' est requis dans l'appel à 'scanf'. Cela indique une erreur grave potentielle. Une sous-utilisation ou une saturation de la mémoire peut se produire lorsque cela est signalé pour les fonctions de style scanf.</DESCRIPTION><FUNCTION>main</FUNCTION><DECORATED>main</DECORATED><FUNCLINE>10</FUNCLINE><PATH /></DEFECT><DEFECT><SFA><FILEPATH>c:\users\regis.dev\documents\visual studio 2013\projects\consoleapplication1\integer_overflow\</FILEPATH><FILENAME>integeroverflow.c</FILENAME><LINE>41</LINE><COLUMN>6</COLUMN></SFA><DEFECTCODE>6340</DEFECTCODE><DESCRIPTION>Incompatibilité sur le signe : 'unsigned short' transmis en tant que _Param_(2) lorsqu'un type signed est requis dans l'appel à 'scanf'.</DESCRIPTION><FUNCTION>main</FUNCTION><DECORATED>main</DECORATED><FUNCLINE>10</FUNCLINE><PATH /></DEFECT><DEFECT><SFA><FILEPATH>c:\users\regis.dev\documents\visual studio 2013\projects\consoleapplication1\integer_overflow\</FILEPATH><FILENAME>integeroverflow.c</FILENAME><LINE>43</LINE><COLUMN>9</COLUMN></SFA><DEFECTCODE>6340</DEFECTCODE><DESCRIPTION>Incompatibilité sur le signe : 'unsigned short' transmis en tant que _Param_(2) lorsqu'un type signed est requis dans l'appel à 'printf'.</DESCRIPTION><FUNCTION>main</FUNCTION><DECORATED>main</DECORATED><FUNCLINE>10</FUNCLINE><PATH /></DEFECT><DEFECT><SFA><FILEPATH>c:\users\regis.dev\documents\visual studio 2013\projects\consoleapplication1\integer_overflow\</FILEPATH><FILENAME>integeroverflow.c</FILENAME><LINE>48</LINE><COLUMN>8</COLUMN></SFA><DEFECTCODE>6340</DEFECTCODE><DESCRIPTION>Incompatibilité sur le signe : 'unsigned short' transmis en tant que _Param_(2) lorsqu'un type signed est requis dans l'appel à 'printf'.</DESCRIPTION><FUNCTION>main</FUNCTION><DECORATED>main</DECORATED><FUNCLINE>10</FUNCLINE><PATH /></DEFECT></DEFECTS>