<?xml version="1.0" encoding="UTF-8"?>
<project-private xmlns="http://www.netbeans.org/ns/project-private/1">
    <editor-bookmarks xmlns="http://www.netbeans.org/ns/editor-bookmarks/2" lastBookmarkId="1">
        <file>
            <url>web/creation.html</url>
            <bookmark id="1">
                <name/>
                <line>11</line>
                <key/>
            </bookmark>
        </file>
    </editor-bookmarks>
    <open-files xmlns="http://www.netbeans.org/ns/projectui-open-files/2">
        <group>
            <file>file:/C:/Users/regis.DEV/Desktop/Etude%20Securite/Livrables/Partie%202%20-%20Séances/SEANCES/8%20Identifier%20les%20failles%20de%20sécurité%20et%20sécuriser%20les%20applications%20Web/corriges/NetBeans/DefacementSite/web/creerEmploi.jsp</file>
        </group>
    </open-files>
</project-private>
