[{"flight_id":1,"start_city":"Paris","arrival_city":"Boston","start_time":"2022-10-22 15:30:00","arrival_time":"2022-10-23 00:20:00","flight_duration":530,"airline_name":"Air France","plane_maker":"AIRBUS","plane_ref":"A300","plane_type":0,"plane_capacity":290,"seats_free":0},{"flight_id":2,"start_city":"Marseille","arrival_city":"New York","start_time":"2022-10-22 19:00:00","arrival_time":"2022-10-23 02:10:00","flight_duration":430,"airline_name":"Air Caraïbes","plane_maker":"AIRBUS","plane_ref":"A350","plane_type":0,"plane_capacity":440,"seats_free":17},{"flight_id":3,"start_city":"Mulhouse","arrival_city":"Washington","start_time":"2022-10-23 09:15:00","arrival_time":"2022-10-23 18:00:00","flight_duration":525,"airline_name":"Air France","plane_maker":"AIRBUS","plane_ref":"A320","plane_type":0,"plane_capacity":180,"seats_free":11},{"flight_id":4,"start_city":"Moscou","arrival_city":"Paris","start_time":"2022-10-23 13:30:00","arrival_time":"2022-10-23 19:45:00","flight_duration":375,"airline_name":"Iberia","plane_maker":"BOEING","plane_ref":747,"plane_type":0,"plane_capacity":3500,"seats_free":23},{"flight_id":5,"start_city":"Saint-Pétersbourg","arrival_city":"Marseille","start_time":"2022-10-23 14:15:00","arrival_time":"2022-10-23 20:10:00","flight_duration":355,"airline_name":"Easy Jet","plane_maker":"AIRBUS","plane_ref":"A380","plane_type":1,"plane_capacity":300,"seats_free":8}]