<?xml version="1.0" encoding="UTF-8"?>
<!DOCTYPE glassfish-ejb-jar PUBLIC "-//GlassFish.org//DTD GlassFish Application Server 3.1 EJB 3.1//EN" "http://glassfish.org/dtds/glassfish-ejb-jar_3_1-1.dtd">
<glassfish-ejb-jar>
  <security-role-mapping>
    <role-name>RoleAdmin</role-name>
    <principal-name>admin</principal-name>
  </security-role-mapping>
  <security-role-mapping>
    <role-name>RoleUser</role-name>
    <group-name>individu</group-name>
  </security-role-mapping>
  <enterprise-beans/>
</glassfish-ejb-jar>
